neighborhood,month_name,month,curr.total.crimes,year,change.total.rel.last.month,direction.change.rel.last.month,abs.change.total,prev.total.crimes,curr_month_name,curr_month,curr_aggravated_assault,curr_arson,curr_assault,curr_auto_theft,curr_battery,curr_burglary,curr_conservation,curr_disorderly_conduct,curr_disturbance_of_the_peace,curr_embezzlement,curr_forgery,curr_fraud,curr_fugitive_from_justice,curr_grand_theft,curr_homicide,curr_impounded_vehicle,curr_incident_report_filed,curr_larceny,curr_narcotics,curr_obstruction_of_justice,curr_parole_probation_court_order_violations,curr_registration_as_a_sex_offender,curr_release_from_arrest,curr_resisting_arrest,curr_robbery,curr_sexual_offense,curr_stolen_property,curr_stolen_vehicle,curr_theft,curr_traffic_violations_dui_reckless_driving_accidents,curr_trespassing,curr_vandalism_graffiti,curr_vehicle_tampering,curr_vehicle_towed_stored,curr_violation_of_a_sacramento_city_code,curr_weapons_offense,curr_penal_code_infraction,curr_unauthorized_fireworks,curr_violation_of_a_city_ordinance,curr_failure_to_register_as_a_sex_offender,curr_kidnapping,curr_fare_evasion,curr_general_health_and_safety_violation,curr_violation_of_a_public_ordinance,curr_bait_car,curr_compensation_theft,curr_drunk_in_public,curr_unauthorized_fire,prev_month_name,prev_month,prev_aggravated_assault,prev_arson,prev_assault,prev_auto_theft,prev_battery,prev_burglary,prev_conservation,prev_disorderly_conduct,prev_disturbance_of_the_peace,prev_embezzlement,prev_forgery,prev_fraud,prev_fugitive_from_justice,prev_grand_theft,prev_homicide,prev_impounded_vehicle,prev_incident_report_filed,prev_larceny,prev_narcotics,prev_obstruction_of_justice,prev_parole_probation_court_order_violations,prev_registration_as_a_sex_offender,prev_release_from_arrest,prev_resisting_arrest,prev_robbery,prev_sexual_offense,prev_stolen_property,prev_stolen_vehicle,prev_theft,prev_traffic_violations_dui_reckless_driving_accidents,prev_trespassing,prev_vandalism_graffiti,prev_vehicle_tampering,prev_vehicle_towed_stored,prev_violation_of_a_sacramento_city_code,prev_weapons_offense,prev_penal_code_infraction,prev_unauthorized_fireworks,prev_violation_of_a_city_ordinance,prev_failure_to_register_as_a_sex_offender,prev_kidnapping,prev_fare_evasion,prev_general_health_and_safety_violation,prev_violation_of_a_public_ordinance,prev_bait_car,prev_compensation_theft,prev_drunk_in_public,prev_unauthorized_fire,no_crime_flag
Airport,June,6,8,2022,-1,down,1,9,June,6,1,1,0,0,0,1,0,0,0,0,0,0,0,0,0,0,0,0,1,0,0,0,0,0,0,0,0,1,0,3,0,0,0,0,0,0,0,0,0,0,0,0,0,0,0,0,0,0,May,5,0,1,0,1,0,0,0,0,0,0,0,0,0,0,0,0,0,2,0,0,0,0,0,0,0,0,0,1,0,2,0,1,0,1,0,0,0,0,0,0,0,0,0,0,0,0,0,0,0
Alhambra Triangle,NA,NA,NA,NA,NA,NA,NA,NA,NA,NA,NA,NA,NA,NA,NA,NA,NA,NA,NA,NA,NA,NA,NA,NA,NA,NA,NA,NA,NA,NA,NA,NA,NA,NA,NA,NA,NA,NA,NA,NA,NA,NA,NA,NA,NA,NA,NA,NA,NA,NA,NA,NA,NA,NA,NA,NA,NA,NA,NA,NA,NA,NA,NA,NA,NA,NA,NA,NA,NA,NA,NA,NA,NA,NA,NA,NA,NA,NA,NA,NA,NA,NA,NA,NA,NA,NA,NA,NA,NA,NA,NA,NA,NA,NA,NA,NA,NA,NA,NA,NA,NA,NA,NA,NA,NA,NA,NA,NA,THERE ARE NO CRIMES REPORTED FOR THIS NEIGHBORHOOD
Alkali Flat,June,6,6,2022,-6,down,6,12,June,6,0,0,0,0,0,2,0,0,0,0,0,0,0,0,0,0,0,0,0,0,0,0,0,0,0,0,0,0,0,2,0,2,0,0,0,0,0,0,0,0,0,0,0,0,0,0,0,0,May,5,0,0,0,0,0,3,0,1,0,0,1,1,0,0,0,0,0,3,0,0,0,0,0,0,0,0,0,0,0,1,0,2,0,0,0,0,0,0,0,0,0,0,0,0,0,0,0,0,0
American River Parkway,June,6,25,2022,-10,down,10,35,June,6,3,0,0,0,0,5,0,0,0,0,0,0,0,0,0,0,0,4,1,0,1,0,0,0,0,0,0,4,0,6,0,1,0,0,0,0,0,0,0,0,0,0,0,0,0,0,0,0,May,5,1,1,0,1,2,4,0,0,0,0,0,1,0,0,0,0,0,8,0,0,0,0,0,0,1,0,0,2,1,6,0,4,0,2,0,1,0,0,0,0,0,0,0,0,0,0,0,0,0
Arden Fair,June,6,35,2022,-1,down,1,36,June,6,0,0,0,0,0,9,0,0,0,0,0,0,0,0,0,0,0,18,0,0,0,0,0,0,3,0,0,0,0,3,0,2,0,0,0,0,0,0,0,0,0,0,0,0,0,0,0,0,May,5,0,0,0,0,0,4,0,0,0,0,0,0,0,0,0,0,0,21,0,0,0,0,0,0,1,0,0,0,0,4,1,2,0,1,0,2,0,0,0,0,0,0,0,0,0,0,0,0,0
Avondale,June,6,8,2022,-6,down,6,14,June,6,1,2,0,0,1,2,0,0,0,0,0,0,0,0,0,0,0,0,0,0,0,0,0,0,1,0,0,1,0,0,0,0,0,0,0,0,0,0,0,0,0,0,0,0,0,0,0,0,May,5,1,0,0,0,1,1,0,0,0,0,0,1,0,0,0,0,0,0,1,0,0,0,0,0,0,0,0,1,0,4,0,2,0,2,0,0,0,0,0,0,0,0,0,0,0,0,0,0,0
Belvedere,NA,NA,NA,NA,NA,NA,NA,NA,NA,NA,NA,NA,NA,NA,NA,NA,NA,NA,NA,NA,NA,NA,NA,NA,NA,NA,NA,NA,NA,NA,NA,NA,NA,NA,NA,NA,NA,NA,NA,NA,NA,NA,NA,NA,NA,NA,NA,NA,NA,NA,NA,NA,NA,NA,NA,NA,NA,NA,NA,NA,NA,NA,NA,NA,NA,NA,NA,NA,NA,NA,NA,NA,NA,NA,NA,NA,NA,NA,NA,NA,NA,NA,NA,NA,NA,NA,NA,NA,NA,NA,NA,NA,NA,NA,NA,NA,NA,NA,NA,NA,NA,NA,NA,NA,NA,NA,NA,NA,THERE ARE NO CRIMES REPORTED FOR THIS NEIGHBORHOOD
Ben Ali,June,6,24,2022,-7,down,7,31,June,6,0,0,0,1,1,3,0,0,0,0,0,1,0,0,0,0,0,3,1,0,0,0,0,0,0,0,0,8,0,4,0,0,0,0,0,2,0,0,0,0,0,0,0,0,0,0,0,0,May,5,1,0,0,3,1,1,0,0,0,0,0,2,0,0,0,0,0,2,0,1,0,0,0,0,0,0,0,3,0,13,0,0,1,2,0,1,0,0,0,0,0,0,0,0,0,0,0,0,0
Boulevard Park,June,6,28,2022,-1,down,1,29,June,6,1,0,0,0,2,2,0,0,0,0,0,0,0,0,0,0,0,9,1,0,0,0,0,0,3,0,0,2,0,3,0,4,0,0,1,0,0,0,0,0,0,0,0,0,0,0,0,0,May,5,0,0,0,2,1,5,0,0,0,0,0,0,0,0,0,0,0,5,2,0,2,0,0,0,0,0,0,4,1,5,0,2,0,0,0,0,0,0,0,0,0,0,0,0,0,0,0,0,0
Brentwood,June,6,2,2022,-2,down,2,4,June,6,0,0,0,0,0,0,0,0,0,0,0,1,0,0,0,0,0,1,0,0,0,0,0,0,0,0,0,0,0,0,0,0,0,0,0,0,0,0,0,0,0,0,0,0,0,0,0,0,May,5,2,0,0,0,0,0,0,0,0,0,0,1,0,0,0,0,0,1,0,0,0,0,0,0,0,0,0,0,0,0,0,0,0,0,0,0,0,0,0,0,0,0,0,0,0,0,0,0,0
Cal Expo,April,4,1,2022,-2,down,2,3,April,4,0,1,0,0,0,0,0,0,0,0,0,0,0,0,0,0,0,0,0,0,0,0,0,0,0,0,0,0,0,0,0,0,0,0,0,0,0,0,0,0,0,0,0,0,0,0,0,0,March,3,0,0,0,0,0,0,0,0,0,0,0,0,0,0,0,0,0,1,0,0,0,0,0,0,0,0,0,0,0,1,0,0,0,0,0,1,0,0,0,0,0,0,0,0,0,0,0,0,0
Campus Commons,June,6,5,2022,-8,down,8,13,June,6,0,0,0,0,0,3,0,0,0,0,0,0,0,0,0,0,0,2,0,0,0,0,0,0,0,0,0,0,0,0,0,0,0,0,0,0,0,0,0,0,0,0,0,0,0,0,0,0,May,5,0,0,0,0,0,5,0,0,0,0,0,0,0,0,0,0,0,3,1,0,0,0,0,0,0,0,0,0,0,3,0,1,0,0,0,0,0,0,0,0,0,0,0,0,0,0,0,0,0
Cannon Industrial Park,June,6,3,2022,-2,down,2,5,June,6,1,0,0,0,0,1,0,0,0,0,0,0,0,0,0,0,0,0,0,0,0,0,0,0,0,0,0,1,0,0,0,0,0,0,0,0,0,0,0,0,0,0,0,0,0,0,0,0,May,5,1,0,0,0,0,0,0,0,0,0,0,0,0,0,0,0,0,1,0,0,0,0,0,0,0,0,0,0,0,0,0,2,0,1,0,0,0,0,0,0,0,0,0,0,0,0,0,0,0
Carleton Tract,NA,NA,NA,NA,NA,NA,NA,NA,NA,NA,NA,NA,NA,NA,NA,NA,NA,NA,NA,NA,NA,NA,NA,NA,NA,NA,NA,NA,NA,NA,NA,NA,NA,NA,NA,NA,NA,NA,NA,NA,NA,NA,NA,NA,NA,NA,NA,NA,NA,NA,NA,NA,NA,NA,NA,NA,NA,NA,NA,NA,NA,NA,NA,NA,NA,NA,NA,NA,NA,NA,NA,NA,NA,NA,NA,NA,NA,NA,NA,NA,NA,NA,NA,NA,NA,NA,NA,NA,NA,NA,NA,NA,NA,NA,NA,NA,NA,NA,NA,NA,NA,NA,NA,NA,NA,NA,NA,NA,THERE ARE NO CRIMES REPORTED FOR THIS NEIGHBORHOOD
Central Oak Park,June,6,27,2022,0,no change,0,27,June,6,1,0,0,0,2,1,0,0,0,0,0,1,0,0,0,0,1,3,1,0,0,0,0,0,0,0,0,5,2,5,0,3,0,0,0,2,0,0,0,0,0,0,0,0,0,0,0,0,May,5,0,0,0,1,2,2,0,0,0,0,0,0,0,0,0,0,0,1,1,0,0,0,0,0,0,0,1,0,0,9,1,2,0,4,0,3,0,0,0,0,0,0,0,0,0,0,0,0,0
College Town,June,6,15,2022,-12,down,12,27,June,6,0,0,0,1,0,5,0,0,0,0,0,1,0,0,0,0,0,2,0,0,0,0,0,0,1,0,0,1,0,3,0,1,0,0,0,0,0,0,0,0,0,0,0,0,0,0,0,0,May,5,0,0,0,0,0,5,0,0,0,0,0,0,0,0,0,0,1,4,0,0,0,1,0,0,1,0,0,4,0,1,1,2,1,1,1,4,0,0,0,0,0,0,0,0,0,0,0,0,0
College/Glen,June,6,30,2022,-23,down,23,53,June,6,1,1,0,0,1,9,0,0,0,0,0,2,0,0,0,0,0,4,0,0,0,0,0,0,0,0,1,3,0,4,0,0,0,0,0,4,0,0,0,0,0,0,0,0,0,0,0,0,May,5,2,1,0,1,5,7,0,0,0,0,0,1,0,0,0,0,0,9,1,0,0,0,0,0,0,0,0,6,0,13,0,6,0,0,0,1,0,0,0,0,0,0,0,0,0,0,0,0,0
Colonial Heights,June,6,5,2022,1,up,1,4,June,6,0,0,0,1,0,1,0,0,0,0,0,0,0,0,0,0,0,0,2,0,0,0,0,0,1,0,0,0,0,0,0,0,0,0,0,0,0,0,0,0,0,0,0,0,0,0,0,0,May,5,0,0,0,0,0,0,0,0,0,0,0,0,0,0,0,0,0,4,0,0,0,0,0,0,0,0,0,0,0,0,0,0,0,0,0,0,0,0,0,0,0,0,0,0,0,0,0,0,0
Colonial Manor,June,6,2,2022,-5,down,5,7,June,6,0,0,0,0,0,1,0,0,0,0,0,0,0,0,0,0,0,0,0,0,0,0,0,0,0,0,0,0,0,0,0,0,0,0,0,1,0,0,0,0,0,0,0,0,0,0,0,0,May,5,0,1,0,0,0,1,0,0,0,0,0,1,0,0,0,0,0,0,0,0,1,0,0,0,0,0,0,2,0,1,0,0,0,0,0,0,0,0,0,0,0,0,0,0,0,0,0,0,0
Colonial Village,June,6,8,2022,1,up,1,7,June,6,1,0,0,0,0,0,0,0,0,0,0,0,0,0,0,0,0,0,0,0,0,0,0,0,0,0,0,2,0,3,0,1,0,0,0,1,0,0,0,0,0,0,0,0,0,0,0,0,May,5,1,0,0,0,0,1,0,0,0,0,1,0,0,0,0,0,0,0,0,0,0,0,0,0,0,0,0,1,0,1,0,2,0,0,0,0,0,0,0,0,0,0,0,0,0,0,0,0,0
Creekside,June,6,11,2022,-5,down,5,16,June,6,0,0,0,0,2,3,0,0,0,0,0,0,0,0,0,0,1,2,0,0,0,0,0,0,0,0,0,0,0,3,0,0,0,0,0,0,0,0,0,0,0,0,0,0,0,0,0,0,May,5,1,0,0,0,1,0,0,0,0,0,0,0,0,0,0,0,0,4,0,0,0,0,0,0,1,0,0,1,0,6,0,2,0,0,0,0,0,0,0,0,0,0,0,0,0,0,0,0,0
CSUS,June,6,12,2022,0,no change,0,12,June,6,0,0,0,0,0,4,0,0,0,0,0,0,0,0,0,0,0,5,0,0,0,0,0,0,0,0,0,1,0,2,0,0,0,0,0,0,0,0,0,0,0,0,0,0,0,0,0,0,May,5,0,0,0,0,2,1,0,0,0,0,0,0,0,0,0,0,0,0,0,0,0,0,0,0,0,0,0,3,0,3,0,2,0,1,0,0,0,0,0,0,0,0,0,0,0,0,0,0,0
Curtis Park,June,6,37,2022,3,up,3,34,June,6,1,2,0,3,2,2,0,0,0,0,0,0,0,0,0,0,0,7,1,1,0,0,0,0,2,0,0,2,0,10,1,1,0,0,0,2,0,0,0,0,0,0,0,0,0,0,0,0,May,5,0,0,1,0,0,4,0,0,0,0,1,0,0,0,0,0,0,8,2,0,0,0,0,0,1,0,0,3,0,9,0,4,0,1,0,0,0,0,0,0,0,0,0,0,0,0,0,0,0
Del Paso Heights,June,6,23,2022,0,no change,0,23,June,6,1,0,0,1,1,3,0,0,0,0,0,0,0,0,0,0,0,1,0,0,0,0,0,0,0,0,0,2,1,6,0,5,0,0,0,2,0,0,0,0,0,0,0,0,0,0,0,0,May,5,2,0,0,3,3,1,0,0,0,0,0,2,0,0,0,0,0,2,2,0,0,0,0,0,0,0,0,0,0,2,0,2,0,1,0,3,0,0,0,0,0,0,0,0,0,0,0,0,0
Del Paso Park,June,6,9,2022,-12,down,12,21,June,6,0,0,0,1,0,0,0,0,0,0,0,0,0,0,0,0,0,2,0,0,0,0,0,0,1,0,1,1,0,1,0,1,0,1,0,0,0,0,0,0,0,0,0,0,0,0,0,0,May,5,0,1,0,6,1,2,0,0,0,0,0,0,0,0,0,0,0,2,1,0,0,0,0,0,0,0,1,1,0,2,0,0,0,4,0,0,0,0,0,0,0,0,0,0,0,0,0,0,0
Depot Park,NA,NA,NA,NA,NA,NA,NA,NA,NA,NA,NA,NA,NA,NA,NA,NA,NA,NA,NA,NA,NA,NA,NA,NA,NA,NA,NA,NA,NA,NA,NA,NA,NA,NA,NA,NA,NA,NA,NA,NA,NA,NA,NA,NA,NA,NA,NA,NA,NA,NA,NA,NA,NA,NA,NA,NA,NA,NA,NA,NA,NA,NA,NA,NA,NA,NA,NA,NA,NA,NA,NA,NA,NA,NA,NA,NA,NA,NA,NA,NA,NA,NA,NA,NA,NA,NA,NA,NA,NA,NA,NA,NA,NA,NA,NA,NA,NA,NA,NA,NA,NA,NA,NA,NA,NA,NA,NA,NA,THERE ARE NO CRIMES REPORTED FOR THIS NEIGHBORHOOD
Dos Rios Triangle,NA,NA,NA,NA,NA,NA,NA,NA,NA,NA,NA,NA,NA,NA,NA,NA,NA,NA,NA,NA,NA,NA,NA,NA,NA,NA,NA,NA,NA,NA,NA,NA,NA,NA,NA,NA,NA,NA,NA,NA,NA,NA,NA,NA,NA,NA,NA,NA,NA,NA,NA,NA,NA,NA,NA,NA,NA,NA,NA,NA,NA,NA,NA,NA,NA,NA,NA,NA,NA,NA,NA,NA,NA,NA,NA,NA,NA,NA,NA,NA,NA,NA,NA,NA,NA,NA,NA,NA,NA,NA,NA,NA,NA,NA,NA,NA,NA,NA,NA,NA,NA,NA,NA,NA,NA,NA,NA,NA,THERE ARE NO CRIMES REPORTED FOR THIS NEIGHBORHOOD
Downtown,June,6,179,2022,17,up,17,162,June,6,11,2,1,0,14,12,0,0,4,0,0,4,0,0,0,0,0,20,23,0,2,0,0,0,9,0,1,11,2,20,0,25,1,0,10,5,0,0,1,0,0,0,0,0,0,0,0,1,May,5,8,0,1,0,13,12,0,2,1,0,2,1,0,0,0,0,1,19,24,5,0,1,0,0,7,0,0,9,0,16,1,20,0,6,5,8,0,0,0,0,0,0,0,0,0,0,0,0,0
East Del Paso Heights,June,6,24,2022,-14,down,14,38,June,6,2,0,1,2,0,1,0,0,0,0,0,0,0,0,0,0,0,1,1,0,0,0,0,0,0,0,1,4,1,4,0,2,0,0,0,4,0,0,0,0,0,0,0,0,0,0,0,0,May,5,2,1,0,3,2,3,0,0,0,0,0,1,0,0,0,0,1,2,2,0,0,0,0,0,1,0,0,5,1,9,0,0,0,3,1,1,0,0,0,0,0,0,0,0,0,0,0,0,0
East Sacramento,June,6,102,2022,-33,down,33,135,June,6,4,0,0,0,2,19,0,0,0,0,0,0,0,0,0,0,0,27,4,1,1,1,0,0,3,0,0,8,0,20,1,10,0,0,1,0,0,0,0,0,0,0,0,0,0,0,0,0,May,5,4,0,0,1,6,31,0,0,0,0,1,0,0,0,0,0,0,25,3,2,3,1,0,0,5,0,0,10,0,19,6,10,0,2,4,2,0,0,0,0,0,0,0,0,0,0,0,0,0
Elder Creek,NA,NA,NA,NA,NA,NA,NA,NA,NA,NA,NA,NA,NA,NA,NA,NA,NA,NA,NA,NA,NA,NA,NA,NA,NA,NA,NA,NA,NA,NA,NA,NA,NA,NA,NA,NA,NA,NA,NA,NA,NA,NA,NA,NA,NA,NA,NA,NA,NA,NA,NA,NA,NA,NA,NA,NA,NA,NA,NA,NA,NA,NA,NA,NA,NA,NA,NA,NA,NA,NA,NA,NA,NA,NA,NA,NA,NA,NA,NA,NA,NA,NA,NA,NA,NA,NA,NA,NA,NA,NA,NA,NA,NA,NA,NA,NA,NA,NA,NA,NA,NA,NA,NA,NA,NA,NA,NA,NA,THERE ARE NO CRIMES REPORTED FOR THIS NEIGHBORHOOD
Elmhurst,June,6,2,2022,-6,down,6,8,June,6,0,0,0,0,0,0,0,0,0,0,0,0,0,0,0,0,0,0,0,0,0,0,0,0,0,0,0,0,0,2,0,0,0,0,0,0,0,0,0,0,0,0,0,0,0,0,0,0,May,5,0,0,0,0,0,4,0,0,0,0,0,0,0,0,0,0,0,1,0,0,1,0,0,0,0,0,0,1,0,0,0,1,0,0,0,0,0,0,0,0,0,0,0,0,0,0,0,0,0
Erikson Industrial Park,June,6,8,2022,4,up,4,4,June,6,0,0,0,0,0,2,0,0,0,0,0,0,0,0,0,0,0,0,0,0,0,0,0,0,0,0,0,4,0,0,0,0,0,0,0,2,0,0,0,0,0,0,0,0,0,0,0,0,May,5,0,0,0,0,0,0,0,0,0,0,0,1,0,0,0,0,0,0,0,0,0,0,0,0,1,0,0,0,0,0,0,1,0,0,0,1,0,0,0,0,0,0,0,0,0,0,0,0,0
Fairgrounds,June,6,1,2022,-2,down,2,3,June,6,0,0,0,0,0,0,0,0,0,0,0,0,0,0,0,0,0,0,0,0,0,0,0,0,0,0,0,0,0,0,0,1,0,0,0,0,0,0,0,0,0,0,0,0,0,0,0,0,May,5,0,0,0,0,0,0,0,0,0,0,0,1,0,0,0,0,0,0,0,0,0,0,0,0,0,0,0,0,0,2,0,0,0,0,0,0,0,0,0,0,0,0,0,0,0,0,0,0,0
Florin Fruitridge Industrial Park,June,6,15,2022,-6,down,6,21,June,6,0,0,0,1,0,2,0,0,0,0,0,0,0,0,0,0,0,5,0,0,0,0,0,0,0,0,0,6,0,1,0,0,0,0,0,0,0,0,0,0,0,0,0,0,0,0,0,0,May,5,0,0,0,5,0,3,0,0,0,0,0,0,0,0,0,0,0,2,1,0,0,0,0,0,0,0,0,2,0,6,0,0,0,2,0,0,0,0,0,0,0,0,0,0,0,0,0,0,0
Freeport Manor,June,6,8,2022,-1,down,1,9,June,6,0,0,0,0,0,1,0,0,2,0,0,0,0,0,0,0,0,0,1,0,0,0,0,0,0,0,0,0,0,1,0,3,0,0,0,0,0,0,0,0,0,0,0,0,0,0,0,0,May,5,0,0,0,1,0,3,0,0,0,0,0,1,0,0,0,0,0,1,0,0,0,0,0,0,0,0,0,0,0,2,0,1,0,0,0,0,0,0,0,0,0,0,0,0,0,0,0,0,0
Fruitridge Manor,June,6,33,2022,-33,down,33,66,June,6,3,1,0,1,0,1,0,0,0,0,0,0,0,0,0,0,0,7,4,0,0,0,0,0,0,0,1,1,0,10,0,1,0,0,1,2,0,0,0,0,0,0,0,0,0,0,0,0,May,5,1,1,0,2,2,3,0,0,0,0,0,1,0,0,0,0,0,7,6,1,2,0,0,0,6,0,1,4,0,19,0,6,0,1,1,2,0,0,0,0,0,0,0,0,0,0,0,0,0
Gardenland,June,6,29,2022,10,up,10,19,June,6,2,0,0,1,2,3,0,0,0,0,0,1,0,0,0,0,0,1,2,0,0,0,0,1,1,0,0,3,0,9,0,2,0,0,0,1,0,0,0,0,0,0,0,0,0,0,0,0,May,5,0,0,0,1,0,0,0,0,0,0,1,0,0,0,0,0,1,1,0,0,0,0,0,0,0,0,0,1,0,11,0,1,0,0,0,2,0,0,0,0,0,0,0,0,0,0,0,0,0
Gateway Center,NA,NA,NA,NA,NA,NA,NA,NA,NA,NA,NA,NA,NA,NA,NA,NA,NA,NA,NA,NA,NA,NA,NA,NA,NA,NA,NA,NA,NA,NA,NA,NA,NA,NA,NA,NA,NA,NA,NA,NA,NA,NA,NA,NA,NA,NA,NA,NA,NA,NA,NA,NA,NA,NA,NA,NA,NA,NA,NA,NA,NA,NA,NA,NA,NA,NA,NA,NA,NA,NA,NA,NA,NA,NA,NA,NA,NA,NA,NA,NA,NA,NA,NA,NA,NA,NA,NA,NA,NA,NA,NA,NA,NA,NA,NA,NA,NA,NA,NA,NA,NA,NA,NA,NA,NA,NA,NA,NA,THERE ARE NO CRIMES REPORTED FOR THIS NEIGHBORHOOD
Gateway West,June,6,17,2022,5,up,5,12,June,6,0,1,0,0,0,3,0,0,0,0,0,2,0,0,0,0,0,4,0,0,0,0,0,0,0,0,0,3,0,3,0,0,0,0,0,1,0,0,0,0,0,0,0,0,0,0,0,0,May,5,2,0,0,0,0,1,0,0,0,0,0,0,0,0,0,0,0,5,0,0,1,0,0,0,0,0,0,2,0,1,0,0,0,0,0,0,0,0,0,0,0,0,0,0,0,0,0,0,0
Glen Elder,June,6,3,2022,-3,down,3,6,June,6,0,0,0,0,0,1,0,0,0,0,0,0,0,0,0,0,0,1,0,0,1,0,0,0,0,0,0,0,0,0,0,0,0,0,0,0,0,0,0,0,0,0,0,0,0,0,0,0,May,5,0,0,0,1,0,0,0,0,0,0,0,0,0,0,0,0,0,1,0,0,0,0,0,0,0,0,0,1,0,1,0,2,0,0,0,0,0,0,0,0,0,0,0,0,0,0,0,0,0
Glenwood Meadows,June,6,14,2022,2,up,2,12,June,6,0,0,0,0,2,0,0,0,0,0,0,1,0,1,0,0,0,4,0,0,0,0,0,0,0,0,0,2,1,0,0,3,0,0,0,0,0,0,0,0,0,0,0,0,0,0,0,0,May,5,2,0,0,1,0,0,0,0,0,0,0,0,0,0,0,0,0,5,0,0,0,0,0,0,2,0,0,0,0,2,0,0,0,0,0,0,0,0,0,0,0,0,0,0,0,0,0,0,0
Golf Course Terrace,June,6,8,2022,-1,down,1,9,June,6,0,0,0,0,0,1,0,0,0,0,0,0,0,0,0,0,0,0,0,0,0,0,0,0,0,0,0,3,0,3,0,1,0,0,0,0,0,0,0,0,0,0,0,0,0,0,0,0,May,5,1,1,0,0,1,1,0,0,0,0,0,0,0,0,0,0,0,1,0,0,0,0,0,0,0,0,0,0,0,2,0,0,0,0,0,2,0,0,0,0,0,0,0,0,0,0,0,0,0
Granite Regional Park,June,6,8,2022,4,up,4,4,June,6,2,0,0,0,0,0,0,0,0,0,0,0,0,0,0,0,0,1,0,0,0,0,0,0,0,0,1,1,0,1,0,2,0,0,0,0,0,0,0,0,0,0,0,0,0,0,0,0,May,5,0,0,0,0,1,1,0,0,0,0,0,0,0,0,0,0,0,0,0,0,0,0,0,0,0,0,0,0,0,1,0,0,0,1,0,0,0,0,0,0,0,0,0,0,0,0,0,0,0
Greenbriar,NA,NA,NA,NA,NA,NA,NA,NA,NA,NA,NA,NA,NA,NA,NA,NA,NA,NA,NA,NA,NA,NA,NA,NA,NA,NA,NA,NA,NA,NA,NA,NA,NA,NA,NA,NA,NA,NA,NA,NA,NA,NA,NA,NA,NA,NA,NA,NA,NA,NA,NA,NA,NA,NA,NA,NA,NA,NA,NA,NA,NA,NA,NA,NA,NA,NA,NA,NA,NA,NA,NA,NA,NA,NA,NA,NA,NA,NA,NA,NA,NA,NA,NA,NA,NA,NA,NA,NA,NA,NA,NA,NA,NA,NA,NA,NA,NA,NA,NA,NA,NA,NA,NA,NA,NA,NA,NA,NA,THERE ARE NO CRIMES REPORTED FOR THIS NEIGHBORHOOD
Greenhaven,June,6,30,2022,7,up,7,23,June,6,2,0,0,0,0,7,0,0,0,0,0,0,0,0,0,0,0,6,1,0,1,0,0,0,0,0,1,3,0,5,0,3,0,0,0,1,0,0,0,0,0,0,0,0,0,0,0,0,May,5,1,0,0,1,1,4,1,0,0,0,0,2,0,0,0,0,0,2,0,1,0,0,0,0,1,0,0,2,0,4,0,2,0,1,0,0,0,0,0,0,0,0,0,0,0,0,0,0,0
Hagginwood,June,6,33,2022,-2,down,2,35,June,6,2,0,0,0,2,2,0,0,0,0,1,0,0,0,0,0,0,0,1,0,0,0,0,0,1,0,0,4,1,9,1,4,0,1,0,4,0,0,0,0,0,0,0,0,0,0,0,0,May,5,0,0,0,1,1,4,0,0,0,0,0,3,0,0,0,0,0,1,3,0,2,0,0,0,3,0,0,3,0,3,0,5,0,3,1,2,0,0,0,0,0,0,0,0,0,0,0,0,0
Hansen Park Golf Course Site,NA,NA,NA,NA,NA,NA,NA,NA,NA,NA,NA,NA,NA,NA,NA,NA,NA,NA,NA,NA,NA,NA,NA,NA,NA,NA,NA,NA,NA,NA,NA,NA,NA,NA,NA,NA,NA,NA,NA,NA,NA,NA,NA,NA,NA,NA,NA,NA,NA,NA,NA,NA,NA,NA,NA,NA,NA,NA,NA,NA,NA,NA,NA,NA,NA,NA,NA,NA,NA,NA,NA,NA,NA,NA,NA,NA,NA,NA,NA,NA,NA,NA,NA,NA,NA,NA,NA,NA,NA,NA,NA,NA,NA,NA,NA,NA,NA,NA,NA,NA,NA,NA,NA,NA,NA,NA,NA,NA,THERE ARE NO CRIMES REPORTED FOR THIS NEIGHBORHOOD
Heritage Park,June,6,7,2022,4,up,4,3,June,6,0,0,0,0,0,0,0,0,0,0,1,1,0,0,0,0,0,1,0,0,0,0,0,0,0,0,0,1,0,1,0,2,0,0,0,0,0,0,0,0,0,0,0,0,0,0,0,0,May,5,0,0,0,0,0,0,0,0,0,0,0,0,0,0,0,0,0,2,0,0,0,0,0,0,0,0,0,0,0,0,0,1,0,0,0,0,0,0,0,0,0,0,0,0,0,0,0,0,0
Hollywood Park,June,6,17,2022,10,up,10,7,June,6,1,0,0,0,0,3,0,0,0,0,0,0,0,0,0,0,0,1,0,0,2,1,0,0,1,0,0,3,0,5,0,0,0,0,0,0,0,0,0,0,0,0,0,0,0,0,0,0,May,5,0,0,0,1,0,1,0,0,0,0,0,0,0,0,0,0,0,3,0,0,0,0,0,0,0,0,0,0,1,1,0,0,0,0,0,0,0,0,0,0,0,0,0,0,0,0,0,0,0
Johnson Business Park,June,6,6,2022,-7,down,7,13,June,6,1,0,0,0,0,1,0,0,0,0,0,0,0,0,0,0,0,2,1,0,0,0,0,0,0,0,0,0,0,1,0,0,0,0,0,0,0,0,0,0,0,0,0,0,0,0,0,0,May,5,0,0,0,0,2,3,0,0,0,0,0,0,0,0,0,0,0,4,0,0,0,0,0,0,0,0,0,0,0,3,0,0,0,1,0,0,0,0,0,0,0,0,0,0,0,0,0,0,0
Johnson Heights,NA,NA,NA,NA,NA,NA,NA,NA,NA,NA,NA,NA,NA,NA,NA,NA,NA,NA,NA,NA,NA,NA,NA,NA,NA,NA,NA,NA,NA,NA,NA,NA,NA,NA,NA,NA,NA,NA,NA,NA,NA,NA,NA,NA,NA,NA,NA,NA,NA,NA,NA,NA,NA,NA,NA,NA,NA,NA,NA,NA,NA,NA,NA,NA,NA,NA,NA,NA,NA,NA,NA,NA,NA,NA,NA,NA,NA,NA,NA,NA,NA,NA,NA,NA,NA,NA,NA,NA,NA,NA,NA,NA,NA,NA,NA,NA,NA,NA,NA,NA,NA,NA,NA,NA,NA,NA,NA,NA,THERE ARE NO CRIMES REPORTED FOR THIS NEIGHBORHOOD
Land Park,June,6,58,2022,-27,down,27,85,June,6,4,0,0,0,1,10,1,0,0,0,0,1,0,0,0,0,0,15,3,0,0,0,0,0,2,0,0,3,1,12,0,3,0,1,0,1,0,0,0,0,0,0,0,0,0,0,0,0,May,5,0,0,0,2,2,7,0,1,0,0,0,0,0,0,0,0,1,29,4,2,0,0,1,0,2,0,0,4,0,16,1,11,0,2,0,0,0,0,0,0,0,0,0,0,0,0,0,0,0
Lawrence Park,NA,NA,NA,NA,NA,NA,NA,NA,NA,NA,NA,NA,NA,NA,NA,NA,NA,NA,NA,NA,NA,NA,NA,NA,NA,NA,NA,NA,NA,NA,NA,NA,NA,NA,NA,NA,NA,NA,NA,NA,NA,NA,NA,NA,NA,NA,NA,NA,NA,NA,NA,NA,NA,NA,NA,NA,NA,NA,NA,NA,NA,NA,NA,NA,NA,NA,NA,NA,NA,NA,NA,NA,NA,NA,NA,NA,NA,NA,NA,NA,NA,NA,NA,NA,NA,NA,NA,NA,NA,NA,NA,NA,NA,NA,NA,NA,NA,NA,NA,NA,NA,NA,NA,NA,NA,NA,NA,NA,THERE ARE NO CRIMES REPORTED FOR THIS NEIGHBORHOOD
Little Pocket,June,6,16,2022,3,up,3,13,June,6,0,0,0,0,1,1,0,0,0,0,0,0,0,0,0,0,0,3,1,0,0,0,0,0,0,0,0,2,2,3,0,3,0,0,0,0,0,0,0,0,0,0,0,0,0,0,0,0,May,5,0,1,0,0,0,4,0,0,0,0,0,0,0,0,0,0,0,3,1,0,0,0,0,0,0,0,0,2,0,1,0,0,0,0,0,1,0,0,0,0,0,0,0,0,0,0,0,0,0
Mangan Park,June,6,4,2022,2,up,2,2,June,6,0,0,0,0,0,0,0,0,0,0,0,1,0,0,0,0,0,1,1,0,0,0,0,0,0,0,0,0,0,0,0,1,0,0,0,0,0,0,0,0,0,0,0,0,0,0,0,0,May,5,0,0,0,0,0,1,0,0,0,0,0,0,0,0,0,0,0,0,1,0,0,0,0,0,0,0,0,0,0,0,0,0,0,0,0,0,0,0,0,0,0,0,0,0,0,0,0,0,0
Mansion Flats,June,6,12,2022,-6,down,6,18,June,6,0,0,0,0,1,1,0,0,0,0,0,0,0,0,0,0,0,0,0,2,0,1,0,0,0,0,0,3,0,3,0,1,0,0,0,0,0,0,0,0,0,0,0,0,0,0,0,0,May,5,0,0,0,0,0,4,0,0,0,0,0,0,0,0,0,0,0,2,1,0,0,0,0,0,1,0,0,0,0,3,0,7,0,0,0,0,0,0,0,0,0,0,0,0,0,0,0,0,0
Marshall School,June,6,17,2022,10,up,10,7,June,6,1,0,0,0,2,1,0,0,0,0,0,0,0,0,0,0,0,5,0,0,1,0,0,0,0,0,0,1,1,0,0,3,0,0,0,2,0,0,0,0,0,0,0,0,0,0,0,0,May,5,0,0,0,0,0,0,0,0,0,0,0,0,0,0,0,0,0,1,1,0,0,0,0,0,0,0,0,0,0,2,0,2,0,1,0,0,0,0,0,0,0,0,0,0,0,0,0,0,0
Meadowview,June,6,91,2022,-36,down,36,127,June,6,6,0,2,0,7,17,0,0,0,0,0,3,0,0,0,0,0,11,2,1,1,0,0,0,2,0,0,10,4,14,0,4,0,1,1,5,0,0,0,0,0,0,0,0,0,0,0,0,May,5,5,2,1,2,5,10,0,0,1,0,0,10,0,0,1,0,1,24,7,1,7,0,0,0,2,0,0,7,3,19,0,6,0,5,0,8,0,0,0,0,0,0,0,0,0,0,0,0,0
Med Center,June,6,10,2022,2,up,2,8,June,6,0,0,0,0,6,1,0,0,0,0,0,0,0,0,0,0,0,0,0,0,0,0,0,0,1,0,0,0,0,0,0,2,0,0,0,0,0,0,0,0,0,0,0,0,0,0,0,0,May,5,0,0,0,0,4,3,0,0,0,0,0,0,0,0,0,0,0,0,0,0,0,0,0,0,0,0,0,0,0,0,0,0,0,1,0,0,0,0,0,0,0,0,0,0,0,0,0,0,0
Metro Center,NA,NA,NA,NA,NA,NA,NA,NA,NA,NA,NA,NA,NA,NA,NA,NA,NA,NA,NA,NA,NA,NA,NA,NA,NA,NA,NA,NA,NA,NA,NA,NA,NA,NA,NA,NA,NA,NA,NA,NA,NA,NA,NA,NA,NA,NA,NA,NA,NA,NA,NA,NA,NA,NA,NA,NA,NA,NA,NA,NA,NA,NA,NA,NA,NA,NA,NA,NA,NA,NA,NA,NA,NA,NA,NA,NA,NA,NA,NA,NA,NA,NA,NA,NA,NA,NA,NA,NA,NA,NA,NA,NA,NA,NA,NA,NA,NA,NA,NA,NA,NA,NA,NA,NA,NA,NA,NA,NA,THERE ARE NO CRIMES REPORTED FOR THIS NEIGHBORHOOD
Midtown / Winn Park / Capital Avenue,June,6,103,2022,1,up,1,102,June,6,6,1,1,1,8,16,0,0,1,0,1,1,0,0,0,0,0,11,4,0,1,0,0,0,2,0,0,14,1,11,2,14,0,1,3,3,0,0,0,0,0,0,0,0,0,0,0,0,May,5,1,2,0,2,12,11,0,0,1,0,0,0,0,0,0,0,0,14,4,1,0,0,0,0,3,0,0,10,1,22,0,10,0,3,3,2,0,0,0,0,0,0,0,0,0,0,0,0,0
Morrison Creek,June,6,7,2022,-2,down,2,9,June,6,0,0,0,0,0,3,0,0,0,0,0,0,0,0,0,0,0,1,0,0,0,0,0,0,0,0,0,2,0,0,0,1,0,0,0,0,0,0,0,0,0,0,0,0,0,0,0,0,May,5,0,0,0,0,1,0,0,0,0,0,0,0,0,0,0,0,0,1,0,0,0,0,0,0,0,0,0,3,0,2,0,2,0,0,0,0,0,0,0,0,0,0,0,0,0,0,0,0,0
Natomas Corporate Center,June,6,1,2022,0,no change,0,1,June,6,0,0,0,0,0,0,0,0,0,0,0,0,0,0,0,0,0,0,0,0,0,0,0,0,1,0,0,0,0,0,0,0,0,0,0,0,0,0,0,0,0,0,0,0,0,0,0,0,May,5,0,0,0,0,0,0,0,0,0,0,0,0,0,0,0,0,0,0,0,0,0,0,0,0,0,0,0,0,0,1,0,0,0,0,0,0,0,0,0,0,0,0,0,0,0,0,0,0,0
Natomas Creek,June,6,1,2022,-1,down,1,2,June,6,0,0,0,0,0,1,0,0,0,0,0,0,0,0,0,0,0,0,0,0,0,0,0,0,0,0,0,0,0,0,0,0,0,0,0,0,0,0,0,0,0,0,0,0,0,0,0,0,May,5,0,0,0,0,0,0,0,0,0,0,0,0,0,0,0,0,0,1,0,0,0,0,0,0,0,0,0,0,0,0,0,1,0,0,0,0,0,0,0,0,0,0,0,0,0,0,0,0,0
Natomas Crossing,June,6,42,2022,6,up,6,36,June,6,1,0,0,1,0,7,0,0,0,0,0,0,0,0,0,0,0,22,2,0,1,0,0,0,1,0,0,2,0,3,0,2,0,0,0,0,0,0,0,0,0,0,0,0,0,0,0,0,May,5,0,0,0,1,0,2,0,0,0,0,0,2,0,0,0,0,0,14,4,0,0,0,0,0,0,0,1,7,0,2,0,2,0,1,0,0,0,0,0,0,0,0,0,0,0,0,0,0,0
Natomas Park,June,6,26,2022,7,up,7,19,June,6,1,0,0,0,0,2,0,0,0,0,1,2,0,0,0,0,0,9,0,0,0,0,0,0,0,0,0,3,0,3,0,5,0,0,0,0,0,0,0,0,0,0,0,0,0,0,0,0,May,5,0,0,0,1,0,1,0,0,0,0,0,0,0,0,0,0,0,6,0,0,0,0,0,0,0,0,0,3,0,5,0,3,0,0,0,0,0,0,0,0,0,0,0,0,0,0,0,0,0
New Brighton,June,6,3,2022,2,up,2,1,June,6,0,0,0,0,0,0,0,0,0,0,0,0,0,0,0,0,0,0,0,0,0,0,0,0,1,0,0,0,0,2,0,0,0,0,0,0,0,0,0,0,0,0,0,0,0,0,0,0,May,5,0,0,0,0,0,0,0,0,0,0,0,0,0,0,0,0,0,0,0,0,0,0,0,0,0,0,0,0,0,1,0,0,0,0,0,0,0,0,0,0,0,0,0,0,0,0,0,0,0
New Era Park,June,6,10,2022,-6,down,6,16,June,6,0,0,0,0,0,1,0,0,0,0,0,0,0,0,0,0,0,4,0,0,0,0,0,0,0,0,0,1,0,3,0,1,0,0,0,0,0,0,0,0,0,0,0,0,0,0,0,0,May,5,0,0,0,0,1,3,0,0,0,0,0,0,0,0,0,0,0,4,1,0,0,0,0,0,0,0,0,3,0,2,0,2,0,0,0,0,0,0,0,0,0,0,0,0,0,0,0,0,0
Newton Booth,June,6,52,2022,13,up,13,39,June,6,0,2,0,0,1,2,0,0,0,0,0,0,0,0,0,0,0,15,2,2,0,0,0,0,6,0,0,3,0,2,0,13,0,1,2,1,0,0,0,0,0,0,0,0,0,0,0,0,May,5,2,0,0,0,0,3,0,0,0,0,0,1,0,0,0,0,0,8,2,2,0,0,0,0,0,0,0,3,0,7,0,10,0,1,0,0,0,0,0,0,0,0,0,0,0,0,0,0,0
Noralto,June,6,24,2022,5,up,5,19,June,6,6,0,0,2,1,2,0,0,0,0,0,2,0,0,0,0,0,2,0,1,0,0,0,0,2,0,1,0,0,3,0,0,0,0,0,2,0,0,0,0,0,0,0,0,0,0,0,0,May,5,1,0,0,0,0,1,0,0,0,0,0,0,0,0,0,0,0,1,1,0,0,0,0,0,1,0,0,2,0,7,0,0,0,3,0,2,0,0,0,0,0,0,0,0,0,0,0,0,0
North City Farms,June,6,19,2022,0,no change,0,19,June,6,1,0,0,1,1,0,1,0,0,0,1,0,0,0,0,0,0,2,2,0,0,1,0,0,0,0,0,0,0,3,0,4,0,0,0,2,0,0,0,0,0,0,0,0,0,0,0,0,May,5,3,0,0,0,1,1,0,0,0,0,0,1,0,0,0,0,0,5,0,0,0,0,0,0,1,0,0,2,0,3,1,1,0,0,0,0,0,0,0,0,0,0,0,0,0,0,0,0,0
North Oak Park,June,6,24,2022,-4,down,4,28,June,6,0,0,0,0,2,5,0,0,0,0,0,1,0,0,0,0,0,7,2,0,1,0,0,0,1,0,1,1,1,1,0,1,0,0,0,0,0,0,0,0,0,0,0,0,0,0,0,0,May,5,0,0,0,1,0,7,0,0,0,0,0,1,0,0,0,0,0,7,2,0,0,0,0,0,0,0,0,2,0,2,1,2,0,1,0,2,0,0,0,0,0,0,0,0,0,0,0,0,0
Northgate,June,6,6,2022,-11,down,11,17,June,6,0,0,0,0,0,1,0,0,0,0,0,1,0,0,0,0,0,0,0,0,0,0,0,0,0,0,1,0,0,3,0,0,0,0,0,0,0,0,0,0,0,0,0,0,0,0,0,0,May,5,0,0,1,1,1,1,0,0,0,0,0,2,0,0,0,0,0,5,2,0,0,0,0,0,0,0,0,1,0,1,0,1,0,0,0,1,0,0,0,0,0,0,0,0,0,0,0,0,0
Northpointe,NA,NA,NA,NA,NA,NA,NA,NA,NA,NA,NA,NA,NA,NA,NA,NA,NA,NA,NA,NA,NA,NA,NA,NA,NA,NA,NA,NA,NA,NA,NA,NA,NA,NA,NA,NA,NA,NA,NA,NA,NA,NA,NA,NA,NA,NA,NA,NA,NA,NA,NA,NA,NA,NA,NA,NA,NA,NA,NA,NA,NA,NA,NA,NA,NA,NA,NA,NA,NA,NA,NA,NA,NA,NA,NA,NA,NA,NA,NA,NA,NA,NA,NA,NA,NA,NA,NA,NA,NA,NA,NA,NA,NA,NA,NA,NA,NA,NA,NA,NA,NA,NA,NA,NA,NA,NA,NA,NA,THERE ARE NO CRIMES REPORTED FOR THIS NEIGHBORHOOD
Norwood I-80,NA,NA,NA,NA,NA,NA,NA,NA,NA,NA,NA,NA,NA,NA,NA,NA,NA,NA,NA,NA,NA,NA,NA,NA,NA,NA,NA,NA,NA,NA,NA,NA,NA,NA,NA,NA,NA,NA,NA,NA,NA,NA,NA,NA,NA,NA,NA,NA,NA,NA,NA,NA,NA,NA,NA,NA,NA,NA,NA,NA,NA,NA,NA,NA,NA,NA,NA,NA,NA,NA,NA,NA,NA,NA,NA,NA,NA,NA,NA,NA,NA,NA,NA,NA,NA,NA,NA,NA,NA,NA,NA,NA,NA,NA,NA,NA,NA,NA,NA,NA,NA,NA,NA,NA,NA,NA,NA,NA,THERE ARE NO CRIMES REPORTED FOR THIS NEIGHBORHOOD
Norwood Tech,NA,NA,NA,NA,NA,NA,NA,NA,NA,NA,NA,NA,NA,NA,NA,NA,NA,NA,NA,NA,NA,NA,NA,NA,NA,NA,NA,NA,NA,NA,NA,NA,NA,NA,NA,NA,NA,NA,NA,NA,NA,NA,NA,NA,NA,NA,NA,NA,NA,NA,NA,NA,NA,NA,NA,NA,NA,NA,NA,NA,NA,NA,NA,NA,NA,NA,NA,NA,NA,NA,NA,NA,NA,NA,NA,NA,NA,NA,NA,NA,NA,NA,NA,NA,NA,NA,NA,NA,NA,NA,NA,NA,NA,NA,NA,NA,NA,NA,NA,NA,NA,NA,NA,NA,NA,NA,NA,NA,THERE ARE NO CRIMES REPORTED FOR THIS NEIGHBORHOOD
Oak Knoll,June,6,5,2022,-2,down,2,7,June,6,0,0,0,0,0,1,0,0,0,0,0,0,0,0,0,0,0,0,0,0,0,0,0,0,0,0,0,0,1,0,0,3,0,0,0,0,0,0,0,0,0,0,0,0,0,0,0,0,May,5,0,0,0,0,1,0,0,0,0,0,0,1,0,0,0,0,0,2,0,0,0,0,0,0,1,0,0,1,0,0,0,1,0,0,0,0,0,0,0,0,0,0,0,0,0,0,0,0,0
Old North Sacramento,June,6,68,2022,-9,down,9,77,June,6,3,0,1,1,3,3,0,0,0,0,0,2,0,0,0,0,0,6,3,2,3,0,0,0,4,0,1,3,1,9,0,16,0,0,0,7,0,0,0,0,0,0,0,0,0,0,0,0,May,5,9,0,0,2,2,8,0,0,0,0,1,0,0,0,0,0,0,9,7,2,2,0,0,0,3,0,0,4,3,11,1,5,0,3,0,5,0,0,0,0,0,0,0,0,0,0,0,0,0
Old Sacramento,June,6,30,2022,-2,down,2,32,June,6,2,0,0,0,2,5,0,0,2,0,0,1,0,0,0,0,0,6,1,1,1,1,0,0,2,0,0,0,0,0,0,4,0,0,0,2,0,0,0,0,0,0,0,0,0,0,0,0,May,5,0,0,0,0,4,2,0,0,1,0,0,0,0,0,0,0,0,2,2,2,0,0,0,0,5,0,0,0,0,4,2,4,0,0,3,1,0,0,0,0,0,0,0,0,0,0,0,0,0
Parker Homes,NA,NA,NA,NA,NA,NA,NA,NA,NA,NA,NA,NA,NA,NA,NA,NA,NA,NA,NA,NA,NA,NA,NA,NA,NA,NA,NA,NA,NA,NA,NA,NA,NA,NA,NA,NA,NA,NA,NA,NA,NA,NA,NA,NA,NA,NA,NA,NA,NA,NA,NA,NA,NA,NA,NA,NA,NA,NA,NA,NA,NA,NA,NA,NA,NA,NA,NA,NA,NA,NA,NA,NA,NA,NA,NA,NA,NA,NA,NA,NA,NA,NA,NA,NA,NA,NA,NA,NA,NA,NA,NA,NA,NA,NA,NA,NA,NA,NA,NA,NA,NA,NA,NA,NA,NA,NA,NA,NA,THERE ARE NO CRIMES REPORTED FOR THIS NEIGHBORHOOD
Parkway,June,6,100,2022,-4,down,4,104,June,6,2,1,2,2,2,8,0,0,0,1,0,4,0,0,1,0,0,12,5,1,2,0,0,0,1,0,1,10,7,19,0,9,0,0,2,8,0,0,0,0,0,0,0,0,0,0,0,0,May,5,5,0,0,1,8,14,0,0,0,0,0,5,0,0,0,0,0,15,3,0,1,0,0,0,4,0,0,13,1,19,1,5,0,4,1,4,0,0,0,0,0,0,0,0,0,0,0,0,0
Pell/Main Industrial Park,June,6,6,2022,-1,down,1,7,June,6,0,0,0,1,0,1,0,0,0,0,0,0,0,0,0,0,0,1,1,0,0,0,0,0,0,0,1,1,0,0,0,0,0,0,0,0,0,0,0,0,0,0,0,0,0,0,0,0,May,5,0,0,0,1,0,0,0,0,0,0,0,0,0,0,0,0,0,2,1,0,0,0,0,0,1,0,0,1,0,1,0,0,0,0,0,0,0,0,0,0,0,0,0,0,0,0,0,0,0
Pocket,June,6,36,2022,-23,down,23,59,June,6,0,1,0,1,2,10,0,0,0,0,0,1,0,0,0,0,0,10,0,0,0,0,0,0,1,0,0,2,2,1,0,5,0,0,0,0,0,0,0,0,0,0,0,0,0,0,0,0,May,5,1,0,0,0,0,10,0,0,0,0,0,5,0,0,0,0,0,12,0,0,2,0,0,0,1,0,0,12,0,9,0,4,0,3,0,0,0,0,0,0,0,0,0,0,0,0,0,0,0
Point West,June,6,23,2022,-5,down,5,28,June,6,0,0,0,0,2,6,0,0,0,0,0,0,0,0,0,0,0,8,0,0,0,0,0,0,1,0,0,1,0,2,0,3,0,0,0,0,0,0,0,0,0,0,0,0,0,0,0,0,May,5,1,0,0,0,0,9,0,0,0,0,0,0,0,0,0,0,0,6,0,0,0,0,0,0,1,0,0,3,0,1,0,5,0,1,0,1,0,0,0,0,0,0,0,0,0,0,0,0,0
Power Ridge,June,6,7,2022,5,up,5,2,June,6,0,0,0,0,0,0,0,0,0,0,0,0,0,0,0,0,0,0,0,0,0,0,0,0,0,0,0,0,0,4,0,3,0,0,0,0,0,0,0,0,0,0,0,0,0,0,0,0,May,5,0,1,0,0,0,0,0,0,0,0,0,0,0,0,0,0,0,0,0,0,0,0,0,0,0,0,1,0,0,0,0,0,0,0,0,0,0,0,0,0,0,0,0,0,0,0,0,0,0
Raley Industrial Park,June,6,23,2022,6,up,6,17,June,6,1,0,0,1,1,2,0,0,0,0,0,0,0,0,0,0,0,4,1,0,0,0,0,0,1,0,0,3,1,4,0,2,0,0,0,2,0,0,0,0,0,0,0,0,0,0,0,0,May,5,0,1,0,3,1,0,0,0,0,0,0,0,0,0,0,0,0,2,0,0,0,0,0,0,0,0,0,3,0,4,1,1,0,1,0,0,0,0,0,0,0,0,0,0,0,0,0,0,0
Ramona Village,June,6,12,2022,-2,down,2,14,June,6,0,1,0,0,0,4,0,0,0,0,0,0,0,0,0,0,0,2,1,0,0,0,0,0,0,0,0,1,0,0,0,3,0,0,0,0,0,0,0,0,0,0,0,0,0,0,0,0,May,5,1,0,0,0,0,3,0,0,0,0,0,0,0,0,0,0,0,3,0,0,0,0,0,0,0,0,0,3,0,1,0,0,0,3,0,0,0,0,0,0,0,0,0,0,0,0,0,0,0
Regency Park,NA,NA,NA,NA,NA,NA,NA,NA,NA,NA,NA,NA,NA,NA,NA,NA,NA,NA,NA,NA,NA,NA,NA,NA,NA,NA,NA,NA,NA,NA,NA,NA,NA,NA,NA,NA,NA,NA,NA,NA,NA,NA,NA,NA,NA,NA,NA,NA,NA,NA,NA,NA,NA,NA,NA,NA,NA,NA,NA,NA,NA,NA,NA,NA,NA,NA,NA,NA,NA,NA,NA,NA,NA,NA,NA,NA,NA,NA,NA,NA,NA,NA,NA,NA,NA,NA,NA,NA,NA,NA,NA,NA,NA,NA,NA,NA,NA,NA,NA,NA,NA,NA,NA,NA,NA,NA,NA,NA,THERE ARE NO CRIMES REPORTED FOR THIS NEIGHBORHOOD
Richardson Village,June,6,6,2022,-2,down,2,8,June,6,1,0,0,0,1,1,0,0,0,0,0,0,0,0,0,0,0,1,0,0,0,0,0,0,0,0,0,2,0,0,0,0,0,0,0,0,0,0,0,0,0,0,0,0,0,0,0,0,May,5,3,0,0,1,0,1,0,0,0,0,0,0,0,0,0,0,0,1,0,0,0,0,0,0,0,0,0,1,0,1,0,0,0,0,0,0,0,0,0,0,0,0,0,0,0,0,0,0,0
Richmond Grove,June,6,13,2022,4,up,4,9,June,6,0,1,0,0,0,2,0,0,0,0,0,0,0,0,0,0,0,2,0,0,0,0,0,0,0,0,1,1,0,3,0,1,0,0,1,1,0,0,0,0,0,0,0,0,0,0,0,0,May,5,0,0,0,0,1,0,0,0,0,0,0,0,0,0,0,0,0,0,0,0,0,0,0,0,0,0,0,1,0,5,0,1,0,0,1,0,0,0,0,0,0,0,0,0,0,0,0,0,0
River Gardens,June,6,18,2022,1,up,1,17,June,6,3,0,0,0,1,1,0,0,0,0,0,2,0,0,0,0,0,2,1,0,2,0,0,0,1,0,0,1,0,0,0,2,0,0,0,2,0,0,0,0,0,0,0,0,0,0,0,0,May,5,0,0,0,1,0,1,0,0,0,0,0,1,0,0,0,0,0,5,1,1,0,0,0,0,1,0,0,1,0,1,0,1,0,0,1,2,0,0,0,0,0,0,0,0,0,0,0,0,0
River Park,June,6,7,2022,-6,down,6,13,June,6,1,0,0,1,0,0,0,0,0,0,0,0,0,0,0,0,0,2,0,0,0,0,0,0,1,0,0,1,0,0,0,1,0,0,0,0,0,0,0,0,0,0,0,0,0,0,0,0,May,5,0,0,0,0,0,2,0,0,0,0,0,0,0,0,0,0,0,5,0,0,0,0,0,0,0,0,0,0,0,1,0,4,0,1,0,0,0,0,0,0,0,0,0,0,0,0,0,0,0
Robla,June,6,25,2022,-7,down,7,32,June,6,1,1,0,3,0,4,0,0,0,0,0,0,0,0,0,0,0,3,1,1,0,0,0,0,0,0,0,3,1,3,0,3,0,0,0,1,0,0,0,0,0,0,0,0,0,0,0,0,May,5,3,0,0,0,3,2,0,0,0,0,0,3,0,0,0,0,1,4,0,0,1,0,0,0,0,0,0,2,0,7,0,3,0,0,1,2,0,0,0,0,0,0,0,0,0,0,0,0,0
RP - Sports Complex,June,6,28,2022,-6,down,6,34,June,6,2,1,0,1,1,5,0,0,0,0,0,0,0,0,0,0,0,4,0,0,0,0,0,0,2,0,0,2,1,2,1,4,0,0,2,0,0,0,0,0,0,0,0,0,0,0,0,0,May,5,1,0,0,1,0,8,0,0,0,0,0,0,0,0,0,0,0,10,0,0,0,0,0,0,0,0,0,8,0,3,0,1,0,0,2,0,0,0,0,0,0,0,0,0,0,0,0,0,0
SCC,NA,NA,NA,NA,NA,NA,NA,NA,NA,NA,NA,NA,NA,NA,NA,NA,NA,NA,NA,NA,NA,NA,NA,NA,NA,NA,NA,NA,NA,NA,NA,NA,NA,NA,NA,NA,NA,NA,NA,NA,NA,NA,NA,NA,NA,NA,NA,NA,NA,NA,NA,NA,NA,NA,NA,NA,NA,NA,NA,NA,NA,NA,NA,NA,NA,NA,NA,NA,NA,NA,NA,NA,NA,NA,NA,NA,NA,NA,NA,NA,NA,NA,NA,NA,NA,NA,NA,NA,NA,NA,NA,NA,NA,NA,NA,NA,NA,NA,NA,NA,NA,NA,NA,NA,NA,NA,NA,NA,THERE ARE NO CRIMES REPORTED FOR THIS NEIGHBORHOOD
Sierra Oaks,NA,NA,NA,NA,NA,NA,NA,NA,NA,NA,NA,NA,NA,NA,NA,NA,NA,NA,NA,NA,NA,NA,NA,NA,NA,NA,NA,NA,NA,NA,NA,NA,NA,NA,NA,NA,NA,NA,NA,NA,NA,NA,NA,NA,NA,NA,NA,NA,NA,NA,NA,NA,NA,NA,NA,NA,NA,NA,NA,NA,NA,NA,NA,NA,NA,NA,NA,NA,NA,NA,NA,NA,NA,NA,NA,NA,NA,NA,NA,NA,NA,NA,NA,NA,NA,NA,NA,NA,NA,NA,NA,NA,NA,NA,NA,NA,NA,NA,NA,NA,NA,NA,NA,NA,NA,NA,NA,NA,THERE ARE NO CRIMES REPORTED FOR THIS NEIGHBORHOOD
South City Farms,June,6,1,2022,-5,down,5,6,June,6,1,0,0,0,0,0,0,0,0,0,0,0,0,0,0,0,0,0,0,0,0,0,0,0,0,0,0,0,0,0,0,0,0,0,0,0,0,0,0,0,0,0,0,0,0,0,0,0,May,5,0,0,0,0,2,0,0,0,0,0,0,0,0,0,0,0,0,1,0,0,1,0,0,0,0,0,0,0,0,1,0,0,0,1,0,0,0,0,0,0,0,0,0,0,0,0,0,0,0
South Hagginwood,June,6,39,2022,6,up,6,33,June,6,5,1,0,0,3,4,0,0,0,0,0,0,0,0,0,0,0,5,3,0,0,0,0,0,1,0,1,2,1,3,0,3,0,1,0,6,0,0,0,0,0,0,0,0,0,0,0,0,May,5,2,0,0,1,1,3,0,0,0,0,0,1,0,0,0,0,0,4,4,0,0,0,1,0,2,0,0,3,0,7,0,0,0,2,0,2,0,0,0,0,0,0,0,0,0,0,0,0,0
South Land Park,June,6,49,2022,10,up,10,39,June,6,0,0,0,0,2,2,0,0,1,0,0,1,0,0,0,0,0,12,3,0,0,0,0,0,2,0,0,7,1,6,0,8,0,0,1,2,0,0,0,0,0,0,0,0,0,0,1,0,May,5,0,1,0,0,3,7,0,0,0,0,1,0,0,0,0,0,1,11,1,0,0,0,0,0,1,0,0,2,2,6,0,1,0,0,1,1,0,0,0,0,0,0,0,0,0,0,0,0,0
South Natomas,June,6,106,2022,-16,down,16,122,June,6,3,0,1,1,4,14,0,0,0,0,0,1,0,0,0,0,0,17,6,3,1,0,0,0,3,0,1,17,0,13,0,12,0,0,0,8,0,0,1,0,0,0,0,0,0,0,0,0,May,5,4,2,1,2,1,14,0,0,0,0,0,2,0,0,0,0,0,21,4,1,1,0,0,0,3,0,3,22,1,16,0,11,0,3,2,8,0,0,0,0,0,0,0,0,0,0,0,0,0
South Oak Park,June,6,21,2022,-5,down,5,26,June,6,1,0,0,2,1,0,0,0,0,0,0,1,0,0,0,0,0,0,1,0,0,0,0,0,2,0,1,2,1,2,0,2,1,3,0,1,0,0,0,0,0,0,0,0,0,0,0,0,May,5,3,1,0,0,2,0,0,0,0,0,0,0,0,0,0,0,0,3,2,0,0,0,0,0,0,0,0,4,1,3,0,1,0,4,0,2,0,0,0,0,0,0,0,0,0,0,0,0,0
Southeast Village,June,6,5,2022,-3,down,3,8,June,6,0,0,1,0,0,1,0,0,0,0,0,0,0,0,0,0,0,1,0,0,1,0,0,0,0,0,0,1,0,0,0,0,0,0,0,0,0,0,0,0,0,0,0,0,0,0,0,0,May,5,1,0,0,1,0,0,0,0,0,0,0,0,0,0,0,0,0,1,0,0,1,0,0,0,0,0,0,0,0,0,0,2,0,2,0,0,0,0,0,0,0,0,0,0,0,0,0,0,0
Southern Pacific / Richards,June,6,35,2022,-5,down,5,40,June,6,3,0,0,0,2,4,0,0,0,0,0,1,0,0,0,0,0,2,4,1,1,0,0,0,3,0,0,2,0,3,0,5,0,0,2,2,0,0,0,0,0,0,0,0,0,0,0,0,May,5,5,0,0,0,2,3,0,0,1,0,0,1,0,0,0,0,0,2,4,0,0,1,0,0,1,0,1,5,0,1,0,8,0,2,2,0,0,0,0,0,0,0,1,0,0,0,0,0,0
Southside Park,June,6,20,2022,0,no change,0,20,June,6,0,0,0,0,0,5,0,0,0,0,0,0,0,0,0,0,0,3,0,0,0,0,0,0,0,0,0,2,0,2,0,7,0,0,0,1,0,0,0,0,0,0,0,0,0,0,0,0,May,5,2,0,0,0,0,2,0,0,0,0,0,0,0,0,0,0,0,4,0,0,0,0,0,0,0,0,0,1,0,5,0,5,0,1,0,0,0,0,0,0,0,0,0,0,0,0,0,0,0
Strawberry Manor,NA,NA,NA,NA,NA,NA,NA,NA,NA,NA,NA,NA,NA,NA,NA,NA,NA,NA,NA,NA,NA,NA,NA,NA,NA,NA,NA,NA,NA,NA,NA,NA,NA,NA,NA,NA,NA,NA,NA,NA,NA,NA,NA,NA,NA,NA,NA,NA,NA,NA,NA,NA,NA,NA,NA,NA,NA,NA,NA,NA,NA,NA,NA,NA,NA,NA,NA,NA,NA,NA,NA,NA,NA,NA,NA,NA,NA,NA,NA,NA,NA,NA,NA,NA,NA,NA,NA,NA,NA,NA,NA,NA,NA,NA,NA,NA,NA,NA,NA,NA,NA,NA,NA,NA,NA,NA,NA,NA,THERE ARE NO CRIMES REPORTED FOR THIS NEIGHBORHOOD
Sundance Lake,June,6,12,2022,-8,down,8,20,June,6,0,0,0,0,1,4,0,0,0,0,0,2,0,0,0,0,0,2,0,0,0,0,0,0,0,0,0,0,0,0,0,3,0,0,0,0,0,0,0,0,0,0,0,0,0,0,0,0,May,5,0,0,0,0,1,3,0,0,0,0,0,0,0,0,0,0,0,4,0,1,0,0,0,0,1,0,0,3,0,4,0,2,0,0,1,0,0,0,0,0,0,0,0,0,0,0,0,0,0
Swanston Estates,June,6,12,2022,1,up,1,11,June,6,0,0,0,1,0,1,0,0,0,0,0,1,0,0,0,0,0,0,0,1,4,0,0,0,0,0,0,1,0,0,0,0,0,0,0,3,0,0,0,0,0,0,0,0,0,0,0,0,May,5,0,0,0,0,0,3,0,0,0,0,0,2,0,0,0,0,0,0,0,0,3,0,0,0,0,0,0,0,1,0,0,1,0,1,0,0,0,0,0,0,0,0,0,0,0,0,0,0,0
Tahoe Park,June,6,24,2022,14,up,14,10,June,6,0,0,0,0,1,5,0,0,0,0,0,0,0,0,0,0,0,6,0,0,0,0,0,0,1,0,1,4,0,3,0,3,0,0,0,0,0,0,0,0,0,0,0,0,0,0,0,0,May,5,1,0,0,0,0,1,0,0,0,0,0,0,0,0,0,0,0,0,0,0,0,0,0,0,0,0,0,1,0,4,0,2,0,1,0,0,0,0,0,0,0,0,0,0,0,0,0,0,0
Tahoe Park East,June,6,19,2022,1,up,1,18,June,6,0,0,0,0,1,1,0,0,0,0,0,0,0,0,0,0,0,6,2,0,0,0,0,0,1,0,0,4,0,2,0,2,0,0,0,0,0,0,0,0,0,0,0,0,0,0,0,0,May,5,0,1,0,0,0,4,0,0,0,0,0,0,0,0,0,0,0,6,0,0,0,0,0,0,0,0,0,2,0,2,0,3,0,0,0,0,0,0,0,0,0,0,0,0,0,0,0,0,0
Tahoe Park South,June,6,7,2022,2,up,2,5,June,6,0,0,0,0,0,1,0,0,0,0,0,0,0,0,0,0,0,1,0,0,3,0,0,0,0,0,0,0,0,1,0,0,0,0,0,1,0,0,0,0,0,0,0,0,0,0,0,0,May,5,0,0,0,0,0,0,0,0,0,0,0,0,0,0,0,0,0,1,0,0,0,0,0,0,0,0,0,0,0,2,0,1,0,1,0,0,0,0,0,0,0,0,0,0,0,0,0,0,0
Tallac Village,June,6,4,2022,2,up,2,2,June,6,0,0,0,2,0,0,0,0,0,0,0,0,0,0,0,0,0,1,0,0,0,0,0,0,0,0,0,0,0,0,1,0,0,0,0,0,0,0,0,0,0,0,0,0,0,0,0,0,May,5,0,0,0,1,0,0,0,0,0,0,0,0,0,0,0,0,0,0,0,0,0,0,0,0,0,0,0,1,0,0,0,0,0,0,0,0,0,0,0,0,0,0,0,0,0,0,0,0,0
Upper Land Park,June,6,56,2022,5,up,5,51,June,6,4,0,0,1,2,11,0,0,0,0,0,0,0,0,0,0,0,9,3,0,0,0,0,0,1,0,0,5,2,8,0,5,0,1,0,4,0,0,0,0,0,0,0,0,0,0,0,0,May,5,0,0,0,4,2,3,0,1,0,0,0,1,0,0,0,0,1,5,2,1,0,0,1,0,2,0,0,1,0,10,0,14,0,1,0,2,0,0,0,0,0,0,0,0,0,0,0,0,0
Valley Hi / North Laguna,June,6,136,2022,-30,down,30,166,June,6,5,2,0,1,7,16,0,0,1,0,0,11,0,0,0,0,0,23,4,1,1,0,0,0,5,0,0,9,8,21,2,9,0,1,2,7,0,0,0,0,0,0,0,0,0,0,0,0,May,5,6,0,0,1,5,10,0,0,0,0,0,11,0,0,0,0,0,37,8,3,1,0,0,0,7,0,0,28,5,23,1,5,0,3,2,10,0,0,0,0,0,0,0,0,0,0,0,0,0
Valleyview Acres,NA,NA,NA,NA,NA,NA,NA,NA,NA,NA,NA,NA,NA,NA,NA,NA,NA,NA,NA,NA,NA,NA,NA,NA,NA,NA,NA,NA,NA,NA,NA,NA,NA,NA,NA,NA,NA,NA,NA,NA,NA,NA,NA,NA,NA,NA,NA,NA,NA,NA,NA,NA,NA,NA,NA,NA,NA,NA,NA,NA,NA,NA,NA,NA,NA,NA,NA,NA,NA,NA,NA,NA,NA,NA,NA,NA,NA,NA,NA,NA,NA,NA,NA,NA,NA,NA,NA,NA,NA,NA,NA,NA,NA,NA,NA,NA,NA,NA,NA,NA,NA,NA,NA,NA,NA,NA,NA,NA,THERE ARE NO CRIMES REPORTED FOR THIS NEIGHBORHOOD
Village 12,June,6,4,2022,2,up,2,2,June,6,0,0,0,0,0,0,0,0,0,0,0,0,0,0,0,0,0,2,0,0,0,0,0,0,0,0,0,0,0,2,0,0,0,0,0,0,0,0,0,0,0,0,0,0,0,0,0,0,May,5,0,0,0,0,0,0,0,0,0,0,0,0,0,0,0,0,0,1,0,0,0,0,0,0,0,0,0,0,0,1,0,0,0,0,0,0,0,0,0,0,0,0,0,0,0,0,0,0,0
Village 14,NA,NA,NA,NA,NA,NA,NA,NA,NA,NA,NA,NA,NA,NA,NA,NA,NA,NA,NA,NA,NA,NA,NA,NA,NA,NA,NA,NA,NA,NA,NA,NA,NA,NA,NA,NA,NA,NA,NA,NA,NA,NA,NA,NA,NA,NA,NA,NA,NA,NA,NA,NA,NA,NA,NA,NA,NA,NA,NA,NA,NA,NA,NA,NA,NA,NA,NA,NA,NA,NA,NA,NA,NA,NA,NA,NA,NA,NA,NA,NA,NA,NA,NA,NA,NA,NA,NA,NA,NA,NA,NA,NA,NA,NA,NA,NA,NA,NA,NA,NA,NA,NA,NA,NA,NA,NA,NA,NA,THERE ARE NO CRIMES REPORTED FOR THIS NEIGHBORHOOD
Village 5,June,6,6,2022,-4,down,4,10,June,6,0,0,0,0,1,1,0,0,0,0,0,0,0,0,0,0,0,0,0,0,0,0,0,0,0,0,0,2,0,2,0,0,0,0,0,0,0,0,0,0,0,0,0,0,0,0,0,0,May,5,0,0,0,0,0,1,0,0,0,0,0,1,0,0,0,0,0,5,0,0,0,0,0,0,0,0,0,2,0,1,0,0,0,0,0,0,0,0,0,0,0,0,0,0,0,0,0,0,0
Village 7,NA,NA,NA,NA,NA,NA,NA,NA,NA,NA,NA,NA,NA,NA,NA,NA,NA,NA,NA,NA,NA,NA,NA,NA,NA,NA,NA,NA,NA,NA,NA,NA,NA,NA,NA,NA,NA,NA,NA,NA,NA,NA,NA,NA,NA,NA,NA,NA,NA,NA,NA,NA,NA,NA,NA,NA,NA,NA,NA,NA,NA,NA,NA,NA,NA,NA,NA,NA,NA,NA,NA,NA,NA,NA,NA,NA,NA,NA,NA,NA,NA,NA,NA,NA,NA,NA,NA,NA,NA,NA,NA,NA,NA,NA,NA,NA,NA,NA,NA,NA,NA,NA,NA,NA,NA,NA,NA,NA,THERE ARE NO CRIMES REPORTED FOR THIS NEIGHBORHOOD
Village Green,NA,NA,NA,NA,NA,NA,NA,NA,NA,NA,NA,NA,NA,NA,NA,NA,NA,NA,NA,NA,NA,NA,NA,NA,NA,NA,NA,NA,NA,NA,NA,NA,NA,NA,NA,NA,NA,NA,NA,NA,NA,NA,NA,NA,NA,NA,NA,NA,NA,NA,NA,NA,NA,NA,NA,NA,NA,NA,NA,NA,NA,NA,NA,NA,NA,NA,NA,NA,NA,NA,NA,NA,NA,NA,NA,NA,NA,NA,NA,NA,NA,NA,NA,NA,NA,NA,NA,NA,NA,NA,NA,NA,NA,NA,NA,NA,NA,NA,NA,NA,NA,NA,NA,NA,NA,NA,NA,NA,THERE ARE NO CRIMES REPORTED FOR THIS NEIGHBORHOOD
West Del Paso Heights,June,6,18,2022,7,up,7,11,June,6,2,0,0,2,0,1,0,0,0,0,0,2,0,0,0,0,0,2,3,0,0,0,0,0,0,0,1,3,0,0,0,1,0,0,0,1,0,0,0,0,0,0,0,0,0,0,0,0,May,5,0,0,0,1,0,1,0,0,0,0,0,0,0,0,0,0,0,1,2,0,0,0,0,0,0,0,0,1,0,1,0,1,0,2,0,1,0,0,0,0,0,0,0,0,0,0,0,0,0
West Tahoe Park,June,6,5,2022,0,no change,0,5,June,6,0,0,0,0,0,0,0,0,0,0,0,0,0,0,0,0,0,0,1,0,0,0,0,0,0,0,0,1,0,3,0,0,0,0,0,0,0,0,0,0,0,0,0,0,0,0,0,0,May,5,0,0,0,0,0,1,0,0,0,0,0,0,0,0,0,0,0,0,0,0,0,0,0,0,0,0,1,1,0,1,0,0,0,0,0,1,0,0,0,0,0,0,0,0,0,0,0,0,0
Westlake,June,6,3,2022,-4,down,4,7,June,6,0,0,0,0,0,1,0,0,0,0,0,0,0,0,0,0,0,1,0,0,0,0,0,0,0,0,0,1,0,0,0,0,0,0,0,0,0,0,0,0,0,0,0,0,0,0,0,0,May,5,0,0,0,0,0,0,0,0,0,0,0,1,0,0,0,0,0,2,0,0,0,0,0,0,0,0,0,0,0,2,0,2,0,0,0,0,0,0,0,0,0,0,0,0,0,0,0,0,0
Willowcreek,June,6,29,2022,-1,down,1,30,June,6,1,0,0,1,0,10,0,0,0,0,0,2,0,0,0,0,0,10,0,0,0,0,0,0,0,0,0,3,0,0,0,2,0,0,0,0,0,0,0,0,0,0,0,0,0,0,0,0,May,5,0,0,0,0,0,6,0,0,0,0,0,1,0,0,0,0,0,6,1,0,0,0,0,0,0,0,0,2,0,4,0,10,0,0,0,0,0,0,0,0,0,0,0,0,0,0,0,0,0
Wills Acres,June,6,6,2022,-4,down,4,10,June,6,1,0,0,1,1,0,0,0,0,0,0,1,0,0,0,0,0,0,1,0,0,0,0,0,0,0,0,0,0,1,0,0,0,0,0,0,0,0,0,0,0,0,0,0,0,0,0,0,May,5,1,0,0,0,1,0,0,0,0,0,0,1,0,0,0,0,0,2,0,0,0,0,0,0,0,0,0,3,0,1,0,1,0,0,0,0,0,0,0,0,0,0,0,0,0,0,0,0,0
Woodbine,June,6,25,2022,4,up,4,21,June,6,3,0,0,0,1,1,0,0,0,0,0,0,0,0,0,0,0,9,2,1,0,0,0,0,0,0,0,1,0,4,0,1,0,0,0,2,0,0,0,0,0,0,0,0,0,0,0,0,May,5,1,0,1,0,2,0,0,0,0,0,0,1,0,0,0,0,0,3,4,0,0,0,0,0,0,0,0,0,0,7,0,0,0,0,0,2,0,0,0,0,0,0,0,0,0,0,0,0,0
Woodlake,June,6,4,2022,-2,down,2,6,June,6,0,0,0,1,0,0,0,0,0,0,0,0,0,0,0,0,0,1,0,0,0,0,0,0,0,0,0,1,0,0,0,0,0,0,0,1,0,0,0,0,0,0,0,0,0,0,0,0,May,5,0,0,0,0,0,2,0,0,0,0,0,0,0,0,0,0,0,0,0,0,0,0,0,0,0,0,0,2,0,0,0,2,0,0,0,0,0,0,0,0,0,0,0,0,0,0,0,0,0
Youngs Heights,NA,NA,NA,NA,NA,NA,NA,NA,NA,NA,NA,NA,NA,NA,NA,NA,NA,NA,NA,NA,NA,NA,NA,NA,NA,NA,NA,NA,NA,NA,NA,NA,NA,NA,NA,NA,NA,NA,NA,NA,NA,NA,NA,NA,NA,NA,NA,NA,NA,NA,NA,NA,NA,NA,NA,NA,NA,NA,NA,NA,NA,NA,NA,NA,NA,NA,NA,NA,NA,NA,NA,NA,NA,NA,NA,NA,NA,NA,NA,NA,NA,NA,NA,NA,NA,NA,NA,NA,NA,NA,NA,NA,NA,NA,NA,NA,NA,NA,NA,NA,NA,NA,NA,NA,NA,NA,NA,NA,THERE ARE NO CRIMES REPORTED FOR THIS NEIGHBORHOOD
Z'berg Park,June,6,8,2022,3,up,3,5,June,6,1,0,0,0,0,1,0,0,0,0,0,1,0,0,0,0,0,2,0,0,0,0,0,0,0,0,0,0,0,2,0,1,0,0,0,0,0,0,0,0,0,0,0,0,0,0,0,0,NA,NA,NA,0,0,0,0,NA,0,0,0,0,0,NA,0,0,0,0,0,NA,0,0,0,0,0,0,NA,0,0,NA,0,NA,0,NA,0,NA,NA,NA,0,0,0,0,0,0,0,0,0,0,0,0,0
city-wide,June,6,2832,2022,-381,down,381,3213,June,6,131,24,12,51,125,378,2,1,12,2,4,65,0,1,1,0,2,489,130,25,34,5,1,1,90,0,23,264,49,417,11,293,2,14,30,137,0,0,2,0,0,0,0,0,1,1,1,1,May,5,127,25,6,79,134,377,1,4,6,0,12,87,0,0,2,0,10,552,159,31,37,5,2,0,102,1,15,311,23,527,24,288,2,110,37,116,0,0,0,0,0,0,1,0,0,0,0,0,
